-- 智能问数 / 智能归因模拟数据
-- 用途：
--   1. 支撑 2026-04 vs 2026-03 的 GMV、净收入、PLUS 消费、城市/门店/类目归因
--   2. 配合 cube_store_poc_seed.sql 中的 Cube 配置使用
-- 执行方式：
--   ./venv/bin/python scripts/run_sql_file.py sql/mock_rca_data_2026.sql
-- 或使用任意 MySQL/Doris 客户端连接 retail_dw 后执行本文件。

USE retail_dw;

-- 1. 用户维表：覆盖城市、PLUS/普通会员、人群分层
INSERT INTO dim_user_info
  (user_id, phone_hash, gender, age_group, city_code, is_plus_vip, register_time)
VALUES
  (1001, 'HASH_1001', 1, '26-35', 'BJ', 1, '2025-01-11 09:10:00'),
  (1002, 'HASH_1002', 2, '26-35', 'BJ', 0, '2025-02-08 13:20:00'),
  (1003, 'HASH_1003', 1, '36-45', 'SH', 1, '2025-03-18 10:00:00'),
  (1004, 'HASH_1004', 2, '18-25', 'SH', 0, '2025-04-20 12:30:00'),
  (1005, 'HASH_1005', 1, '26-35', 'GZ', 1, '2025-05-01 08:40:00'),
  (1006, 'HASH_1006', 2, '36-45', 'GZ', 0, '2025-06-12 19:00:00'),
  (1007, 'HASH_1007', 1, '26-35', 'SZ', 1, '2025-07-03 16:10:00'),
  (1008, 'HASH_1008', 2, '18-25', 'SZ', 0, '2025-08-09 15:45:00'),
  (1009, 'HASH_1009', 1, '36-45', 'FZ', 1, '2025-09-21 11:25:00'),
  (1010, 'HASH_1010', 2, '26-35', 'FZ', 0, '2025-10-06 10:15:00'),
  (1011, 'HASH_1011', 1, '46-55', 'BJ', 1, '2025-11-19 17:35:00'),
  (1012, 'HASH_1012', 2, '36-45', 'SH', 0, '2025-12-22 14:05:00');

-- 2. 门店维表：覆盖直营/加盟/前置仓
INSERT INTO dim_store_info
  (store_id, store_name, region_id, store_type)
VALUES
  (11, '北京朝阳直营店', 1, '直营'),
  (12, '北京海淀加盟店', 1, '加盟'),
  (21, '上海浦东直营店', 2, '直营'),
  (22, '上海闵行加盟店', 2, '加盟'),
  (31, '广州天河直营店', 3, '直营'),
  (41, '深圳南山前置仓', 4, '前置仓'),
  (51, '福州鼓楼直营店', 5, '直营');

-- 3. 商品维表：覆盖一级类目 101/102/201/301，便于类目归因
INSERT INTO dim_sku_info
  (sku_id, spu_id, sku_name, category_1_id, category_2_id, category_3_id, brand_id, retail_price)
VALUES
  (3001, 9301, '高端手机 Pro', 101, 10101, 1010101, 1, 5999.00),
  (3002, 9302, '智能手表 S', 101, 10102, 1010201, 1, 1599.00),
  (3003, 9303, '家庭清洁套装', 102, 10201, 1020101, 2, 399.00),
  (3004, 9304, '休闲零食礼包', 201, 20101, 2010101, 3, 129.00),
  (3005, 9305, 'PLUS 专享生鲜卡', 301, 30101, 3010101, 4, 299.00),
  (3006, 9306, '运动耳机', 101, 10103, 1010301, 5, 699.00);

-- 4. 订单宽表：当前期 2026-04 明显增长，北京和福州贡献最大；上海略增，广州/深圳下滑
INSERT INTO dwd_trade_order_wide
  (dt, order_id, sku_id, user_id, city_code, store_id, category_1_id, sku_price, sku_num, apportion_amt, order_status, create_time)
VALUES
  -- 2026-03 baseline，共 34000
  ('2026-03-05', 2026030501, 3001, 1001, 'BJ', 11, 101, 5000.00, 1, 5000.00, 40, '2026-03-05 10:00:00'),
  ('2026-03-08', 2026030801, 3002, 1002, 'BJ', 12, 101, 3000.00, 1, 3000.00, 40, '2026-03-08 11:20:00'),
  ('2026-03-18', 2026031801, 3005, 1011, 'BJ', 11, 301, 4000.00, 1, 4000.00, 40, '2026-03-18 14:30:00'),
  ('2026-03-06', 2026030601, 3001, 1003, 'SH', 21, 101, 4000.00, 1, 4000.00, 40, '2026-03-06 09:30:00'),
  ('2026-03-12', 2026031201, 3003, 1004, 'SH', 22, 102, 2500.00, 1, 2500.00, 40, '2026-03-12 16:15:00'),
  ('2026-03-20', 2026032001, 3006, 1012, 'SH', 22, 101, 2500.00, 1, 2500.00, 40, '2026-03-20 19:45:00'),
  ('2026-03-07', 2026030701, 3004, 1005, 'GZ', 31, 201, 4000.00, 1, 4000.00, 40, '2026-03-07 13:10:00'),
  ('2026-03-21', 2026032101, 3003, 1006, 'GZ', 31, 102, 3000.00, 1, 3000.00, 40, '2026-03-21 12:05:00'),
  ('2026-03-09', 2026030901, 3002, 1007, 'SZ', 41, 101, 3500.00, 1, 3500.00, 40, '2026-03-09 15:00:00'),
  ('2026-03-23', 2026032301, 3004, 1008, 'SZ', 41, 201, 2500.00, 1, 2500.00, 40, '2026-03-23 17:30:00'),

  -- 2026-04 current，共 38000；BJ +7000，FZ +7000，GZ -4000，SZ -5000，SH +1000
  ('2026-04-03', 2026040301, 3001, 1001, 'BJ', 11, 101, 7000.00, 1, 7000.00, 40, '2026-04-03 10:15:00'),
  ('2026-04-10', 2026041001, 3005, 1011, 'BJ', 11, 301, 8000.00, 1, 8000.00, 40, '2026-04-10 11:20:00'),
  ('2026-04-18', 2026041801, 3002, 1002, 'BJ', 12, 101, 4000.00, 1, 4000.00, 40, '2026-04-18 14:30:00'),
  ('2026-04-05', 2026040501, 3001, 1003, 'SH', 21, 101, 5000.00, 1, 5000.00, 40, '2026-04-05 09:30:00'),
  ('2026-04-15', 2026041501, 3003, 1004, 'SH', 22, 102, 3000.00, 1, 3000.00, 40, '2026-04-15 16:15:00'),
  ('2026-04-26', 2026042601, 3006, 1012, 'SH', 22, 101, 2000.00, 1, 2000.00, 40, '2026-04-26 19:45:00'),
  ('2026-04-08', 2026040801, 3004, 1005, 'GZ', 31, 201, 2000.00, 1, 2000.00, 40, '2026-04-08 13:10:00'),
  ('2026-04-24', 2026042401, 3003, 1006, 'GZ', 31, 102, 1000.00, 1, 1000.00, 40, '2026-04-24 12:05:00'),
  ('2026-04-09', 2026040901, 3002, 1007, 'SZ', 41, 101, 1000.00, 1, 1000.00, 40, '2026-04-09 15:00:00'),
  ('2026-04-11', 2026041101, 3001, 1009, 'FZ', 51, 101, 5000.00, 1, 5000.00, 40, '2026-04-11 10:10:00'),
  ('2026-04-20', 2026042001, 3005, 1010, 'FZ', 51, 301, 2000.00, 1, 2000.00, 40, '2026-04-20 18:25:00');

-- 5. 退款事实：用于 net_revenue 归因，4月上海/广州有退款拖累
INSERT INTO dwd_trade_refund_fact
  (dt, refund_id, order_id, sku_id, refund_amt, refund_reason)
VALUES
  ('2026-03-15', 20260315001, 2026031201, 3003, 300.00, '质量问题'),
  ('2026-04-16', 20260416001, 2026041501, 3003, 1200.00, '质量问题'),
  ('2026-04-25', 20260425001, 2026042401, 3003, 500.00, '配送破损');

-- 6. 用户日汇总：用于用户侧分析/高价值用户样例
INSERT INTO dws_user_trade_daily
  (dt, user_id, pay_order_cnt, pay_sku_cnt, pay_amount)
VALUES
  ('2026-03-31', 1001, 1, 1, 5000.00),
  ('2026-03-31', 1003, 1, 1, 4000.00),
  ('2026-03-31', 1005, 1, 1, 4000.00),
  ('2026-04-30', 1001, 1, 1, 7000.00),
  ('2026-04-30', 1011, 1, 1, 8000.00),
  ('2026-04-30', 1009, 1, 1, 5000.00),
  ('2026-04-30', 1010, 1, 1, 2000.00);

-- 7. 商品门店日汇总：用于商品/门店归因样例
INSERT INTO dws_sku_trade_daily
  (dt, sku_id, store_id, sale_qty, sale_amt)
VALUES
  ('2026-03-31', 3001, 11, 1, 5000.00),
  ('2026-03-31', 3002, 12, 1, 3000.00),
  ('2026-03-31', 3004, 31, 1, 4000.00),
  ('2026-04-30', 3001, 11, 1, 7000.00),
  ('2026-04-30', 3005, 11, 1, 8000.00),
  ('2026-04-30', 3001, 51, 1, 5000.00),
  ('2026-04-30', 3005, 51, 1, 2000.00);

-- 8. 门店流量交易汇总：用于门店类型/转化分析样例
INSERT INTO dws_store_traffic_trade_daily
  (dt, store_id, visit_uv, pay_order_cnt, pay_amt)
VALUES
  ('2026-03-31', 11, 1200, 2, 9000.00),
  ('2026-03-31', 21, 900, 1, 4000.00),
  ('2026-03-31', 31, 800, 2, 7000.00),
  ('2026-03-31', 41, 600, 2, 6000.00),
  ('2026-04-30', 11, 1800, 2, 15000.00),
  ('2026-04-30', 21, 950, 1, 5000.00),
  ('2026-04-30', 31, 500, 2, 3000.00),
  ('2026-04-30', 41, 300, 1, 1000.00),
  ('2026-04-30', 51, 900, 2, 7000.00);

-- 9. ADS 销售驾驶舱：用于大屏/报表问数
INSERT INTO ads_sales_cockpit
  (dt, total_gmv, total_orders, total_buyers, gmv_wow_ratio)
VALUES
  ('2026-03-31', 34000.00, 10, 10, 0.0000),
  ('2026-04-30', 38000.00, 11, 11, 0.1176);

-- 10. RFM 分层：用于“高价值用户流失风险”类问题
INSERT INTO ads_rfm_segment
  (user_id, recency_days, frequency_cnt, monetary_amt, user_segment)
VALUES
  (1001, 3, 8, 22000.00, '高价值用户'),
  (1011, 18, 5, 16000.00, '高价值用户'),
  (1003, 23, 4, 12000.00, '潜力用户'),
  (1005, 45, 3, 9000.00, '流失风险用户'),
  (1008, 60, 1, 2500.00, '沉默用户');

-- 验证样例：
-- SELECT city_code, SUM(apportion_amt) AS gmv FROM dwd_trade_order_wide WHERE dt BETWEEN '2026-04-01' AND '2026-04-30' GROUP BY city_code ORDER BY gmv DESC;
-- SELECT city_code, SUM(apportion_amt) AS gmv FROM dwd_trade_order_wide WHERE dt BETWEEN '2026-03-01' AND '2026-03-31' GROUP BY city_code ORDER BY gmv DESC;
-- SELECT SUM(o.apportion_amt) - COALESCE(SUM(r.refund_amt), 0) AS net_revenue
-- FROM dwd_trade_order_wide o LEFT JOIN dwd_trade_refund_fact r ON o.order_id = r.order_id
-- WHERE o.dt BETWEEN '2026-04-01' AND '2026-04-30';
